YEAR,SONG TITLE,TRACK NUMBER,File Name
1967,I Got Rythm - I Got Plenty O' Nuttin' - I Got the Sun in The Monring - A Wonderful Day Like Today - Another Opening Another Show 1967,1,I Got Rythm - I Got Plenty O' Nuttin' - I Got the Sun in The Monring - A Wonderful Day Like Today - Another Opening Another Show 1967.mp3
1967,These Foolish Things (Remind Me Of You) -1967,2,These Foolish Things (Remind Me Of You) -1967.mp3
1967,Zip-a-dee-doo-dah -1967,3,Zip-a-dee-doo-dah -1967.mp3
1967,"I Am Bound for the Promised Land - Shenandoah - Gonna Raise a Ruckus Tonight - Fare You Well, My Darling - Come Share My Life-1967",4,"I Am Bound for the Promised Land - Shenandoah - Gonna Raise a Ruckus Tonight - Fare You Well, My Darling - Come Share My Life-1967.mp3"
1967,Stardust -1967,5,Stardust -1967.mp3
1968,"I Got Rythm - I Got Plenty O' Nuttin' - I Got the Sun in The Monring - Facsinating Rythm - Walking Happy - A Wonderful Day Like Today - Another Opening, Another Show",1,"I Got Rythm - I Got Plenty O' Nuttin' - I Got the Sun in The Monring - Facsinating Rythm - Walking Happy - A Wonderful Day Like Today - Another Opening, Another Show.mp3"
1968,Step to the Rear -1968,2,Step to the Rear -1968.mp3
1968,The Way You Look Tonight-1968,3,The Way You Look Tonight-1968.mp3
1968,A Taste of Honey-1968,4,A Taste of Honey-1968.mp3
1968,"Up, Up, and Away-1968",5,"Up, Up, and Away-1968.mp3"
1968,This Could Be The Start of Something Big-1968,6,This Could Be The Start of Something Big-1968.mp3
1968,Shpoopi - For Little Girls - Candy - Michelle - Music to Watch Girls By - The Girl Friend - Mame - Hello Dolly-1968,7,Shpoopi - For Little Girls - Candy - Michelle - Music to Watch Girls By - The Girl Friend - Mame - Hello Dolly-1968.mp3
1968,Greenfields-1968,8,Greenfields-1968.mp3
1968,Robert and Elizabeth Soliloquy-1968,9,Robert and Elizabeth Soliloquy-1968.mp3
1968,In the Cool Cool of the Evening -1968,10,In the Cool Cool of the Evening -1968.mp3
1968,Up A Lazy River - 1968,11,Up A Lazy River - 1968.mp3
1969,"Broadway Medley I Got Rythm, I Got Plenty O' Nuttin', I Got the Sun in The Monring, A Wonderful Day Like Today, Another Opening, Another Show-1976",1,"Broadway Medley I Got Rythm, I Got Plenty O' Nuttin', I Got the Sun in The Monring, A Wonderful Day Like Today, Another Opening, Another Show-1969"
1969,"Five Foot Two, Eyes of Blue | Exactly Like You | For Me and My Gal",2,"Five Foot Two, Eyes of Blue , Exactly Like You , For Me and My Gal-1969"
1969,A Man and a Woman,3,A Man and a Woman-1969
1969,Goin' Out of My Head,4,Goin' Out of My Head-1969
1969,Cherish,5,Cherish-1969
1969,Are You Going to Scarborough Fair?,6,Are You Going to Scarborough Fair-1969
1969,What Now My Love,7,What Now My Love-1969
1969,Mr. Lucky,8,Mr. Lucky-1969
1969,I Love You and Don't You Forget It,9,I Love You and Don't You Forget It-19769
1969,Baby Elephant Walk,10,Baby Elephant Walk-1969
1969,Days of Wine and Roses,11,Days of Wine and Roses-1969
1969,Moon River,12,Moon River-1969
1969,Fine And Dandy,13,Fine And Dandy-1969
1969,Love Is Blue,14,Love Is Blue-1969
1969,"That Sunday, That Summer",15,"That Sunday, That Summer-1969"
1969,Battle Hymn of the Republic,16,Battle Hymn of the Republic-1969
1970,"Opening Medley: All I Need is the Girl, Everything's Coming Up Roses, It's Today",1,"All I Need is the Girl, Everything's Coming Up Roses, It's Today-1970"
1970,This Guy’s in Love With You,2,This Guy’s in Love With You-1970
1970,Nothing Can Stop Me Now!,3,Nothing Can Stop Me Now!-1970
1970,The Lamp Is Low,4,The Lamp Is Low-1970
1970,Galveston,5,Galveston-1970
1970,Do You Know the Way to San Jose,6,Do You Know the Way to San Jose-1970
1970,Rhythm of Life,7,Rhythm of Life-1970
1970,Raindrops Keep Falling on My Head,8,Raindrops Keep Falling on My Head-1970
1970,A Time For Us,9,A Time For Us-1970
1970,"Doin the Raccoon, Shine on Harvest Moon",10,"Doin the Raccoon, Shine on Harvest Moon-1970"
1970,"Hoagy Carmichael Medley: Georgia, Two Sleepy People, Ole Buttermilk Sky, The Nearness of You, ",11,"Hoagy Carmichael Medley Georgia, Two Sleepy People, Ole Buttermilk Sky, The Nearness of You, -1970"
1970,Age of Aquarius/Let the Sunshine In,12,"Age of Aquarius, Let the Sunshine In-1970"
1971,Applause ,1,Applause-1971
1971,"Love Story, Where Do I Begin ",2,"Love Story, Where Do I Begin -1971"
1971,"Bewitched, Bothered, and Bewildered",3,"Bewitched, Bothered, and Bewildered-1971"
1971,Cresent Moon,4,Cresent Moon-1971
1971,Wedding Bell Blues,5,Wedding Bell Blues-1971
1971,Walk Him Up the Stairs,6,Walk Him Up the Stairs-1971
1971,"Calendar Medley The Day Before Spring, It Might As Well Be Spring, Sining in The Rain, June is Busting Out All Over, In the Good Ole Summertime, Summertime, September Song, September in the Rain, Indian Summer, Snowfall, Let it Snow",7,Calendar Medley-1971
1971,Impossible Dream,8,Impossible Dream-1971
1972,The Tavern of Loving People,1,The Tavern of Loving People-1972.mp3
1972,"Disney Medley: When You Wish Upon a Star, Mickey Mouse, Who's Afraid of the Big Bad Wolf, Some Day My Prince Will Come, Whistle While You Work, Hi-Ho, I Got No Strings, Propaganda Donald Duck, Bippety Boppity Boo, Cinderella, A Dream is a Wish Your Heart Makes, I'm Late, Neverland, Whale of a Tale, Supercalifragilisticexpialidocious, Chim-Chiminey
",2,Disney Medley -1972.mp3
1972,Battle Hymn of the Republic (Organ Version),3,Battle Hymn of the Republic (Organ Version)-1972.mp3
1972,Flim Flam Man,4,Flim Flam Man-1972.mp3
1972,I Couldn't Live Without Your Love,5,I Couldn't Live Without Your Love-1972.mp3
1972,"Promises, Promises Medley Promises Promises, I'll Never Fall in Love Again, Wanting Things, Knowing When to Leave, ",6,"Promises, Promises Medley Promises Promises, I'll Never Fall in Love Again, Wanting Things, Knowing When to Leave, -1972.mp3"
1972,Stardust,7,Stardust-1972.mp3
1972,Day by Day,8,Day by Day-1972.mp3
1973,I Got Love/Got to Get You Into My Life,1,"I Got Love,Got to Get You Into My Life - 1973.mp3"
1973,Light Sings,2,Light Sings - 1973.mp3
1973,"Up, Up and Away",3,"Up, Up and Away - 1973.mp3"
1973,Celebration,4,Celebration - 1973.mp3
1973,"Hallelujah, I Believe (Spiritual)",5,"Hallelujah, I Believe (Spiritual) - 1973.mp3"
1973,Lazy Bones,6,Lazy Bones - 1973.mp3
1973,Stardust,7,Stardust - 1973.mp3
1973,Up a Lazy River,8,Up a Lazy River - 1973.mp3
1973,"Pippin Medley: With You, Love Song, Morning Glow, Finale",9,"Pippin Medley With You, Love Song, Morning Glow, Finale-1973.mp3"
1974,I Can See Clearly Now/Higher and Higher,1,"I Can See Clearly Now,Higher and Higher-1974.mp3"
1974,East of the Sun,2,East of the Sun-1974.mp3
1974,?,3,Singing Hoosiers Mystery Song-1974.mp3
1974,Without a Song,4,Without a Song-1974.mp3
1974,Praise Ye the Lord,5,Praise Ye the Lord-1974.mp3
1974,St. Louis Blues,6,St. Louis Blues-1974.mp3
1974,Bless the Beasts and Children,7,Bless the Beasts and Children-1974.mp3
1974,I Get Along Without You Very Well,8,I Get Along Without You Very Well-1974.mp3
1974,Carmen Medley,9,Carmen Medley-1974.mp3
1975,Put On a Happy Face/Smile Medley,1,"Put On a Happy Face,Smile Medley- 1975.mp3"
1975,Soon It's Gonna Rain,2,Soon It's Gonna Rain-1975.mp3
1975,Rhythm of Life,3,Rhythm of Life-1975.mp3
1975,One Less Bell to Answer/A House is Not a Home,4,"One Less Bell to Answer,A House is Not a Home-1975.mp3"
1975,Listen to the Music/Free Ride/I Got The Music in Me,5,"Listen to the Music,Free Ride,I Got The Music in Me-1975.mp3"
1975,Alexander's Ragtime Band,6,Alexander's Ragtime Band-1975.mp3
1975,Where Is the Love,7,Where Is the Love-1975.mp3
1975,TV Commercial Medley,8,TV Commercial Medley-1975.mp3
1975,Come Rain or Come Shine,9,Come Rain or Come Shine-1975.mp3
1975,Stardust,10,Stardust-1975.mp3
1975,I Can See Clearly Now/Higher and Higher,11,"I Can See Clearly Now,Higher and Higher-1975.mp3"
1976,"Let Tyrants Shake Their Iron Rod, The Battle Cry of Freedom, You're a Grand Ole Flag, A Brand New Day",1,
1976,Western Medley: I Am Bound for the Promised Land | I'm On My Way | Hand Me Down That Can O'Beans,2,
1976,Sophisticated Lady,3,
1976,Don't Sit Under the Apple Tree,4,
1976,Drm Taps: NO. 1. Beat! Beat! Drums! Blow! Bugles! Blow!,5,
1976,On a Sunday by the Sea,6,
1976,New Orleans Medley: The Varsity Drag | Won't You Charleston With Me | Sweet Georgia Brown | Mason Street Blues,7,
1976,Yesterday,8,
1976,"Where Are You Going, Where Have You Been?",9,
1976,Walk Him Up the Stairs,10,
1979,Everyday,1,Everyday-1979.mp3
1979,You Needed Me,2,You Needed Me-1979.mp3
1979,Copacabana,3,Copacabana-1979.mp3
1979,Oh! Susanna,4,Oh! Susanna-1979.mp3
1979,Approaching Storm,5,Approaching Storm-1979.mp3
1979,Don't Take Away the Music | Whenever I See Your Smiling Face,6,"Don't Take Away the Music, Whenever I See Your Smiling Face-1979.mp3"
1979,His Eye is on the Sparrow | Sweet Georgia Brown,7,"His Eye is on the Sparrow, Sweet Georgia Brown-1979.mp3"
1979,Embraceable You,8,Embraceable You-1979.mp3
1979,One Note Samba,9,One Note Samba-1979.mp3
1979,Too-ra-loo-ra-loo-ra!,10,Too-ra-loo-ra-loo-ra!-1979.mp3
1979,"Hallelujah, Baby",11,"Hallelujah, Baby-1979.mp3"
1979,God Bless America,12,God Bless America-1979.mp3
1980,Coming Soon,,
1981,This Could Be The Start of Something Big,1,This Could Be The Start of Something Big- 1981
1981,It's Easy to Say,2,It's Easy to Say -1981.mp3
1981,Tuxedo Junction,3,Tuxedo Junction -1981
1981,I Honestly Love You,4,I Honestly Love You -1981
1981,Ole Man River,5,Ole Man River -1981
1981,Moon Indigo,6,Moon Indigo -1981
1981,Ease on Down The Road,7,Ease on Down The Road -1981
1981,Celebration,8,Celebration -1981
1981,Look What You've Done to Me,9,Look What You've Done to Me -1981
1981,Torna A Surriento,10,Torna A Surriento -1981
1981,Faliin',11,Faliin' -1981
1981,A Tribute to Govennor Bowen: It's A Sin to Tell a Lie | Josephine | Harbor Lights | God Bless America,12,"A Tribute to Govennor Bowen It's A Sin to Tell a Lie,  Josephine, Harbor Lights, God Bless America -1981"
1982,Coming Soon,,
1983,Coming Soon,,
1984,Coming Soon,,
1985,Coming Soon,,